satellite_name,norad_cat_id,observation_time_utc,observation_time_uncertainty_sec,apparent_magnitude,apparent_magnitude_uncertainty,observer_latitude_deg,observer_longitude_deg,observer_altitude_m,limiting_magnitude,instrument,observing_mode,observing_filter,observer_orcid,satellite_right_ascension_deg,satellite_declination_deg,sigma_2_ra,sigma_ra_sigma_dec,sigma_2_dec,range_to_satellite_km,range_to_satellite_uncertainty_km,range_rate_of_satellite_km_per_sec,range_rate_of_satellite_uncertainty_km_per_sec,comments,data_archive_link,mpc_code,sat_ra_deg_satchecker,sat_dec_deg_satchecker,range_to_sat_km_satchecker,range_rate_sat_km_s_satchecker,ddec_deg_s_satchecker,dra_cosdec_deg_s_satchecker,phase_angle_deg_satchecker,alt_deg_satchecker,az_deg_satchecker,sat_altitude_km_satchecker,solar_elevation_deg_satchecker,solar_azimuth_deg_satchecker,illuminated,international_designator,potentially_discrepant
HULIANWANG DIGUI-08,62330,2024-03-18T20:48:26.000Z,2,4.8,0.5,50.6,-4.73,100,7.5,none,VISUAL,CLEAR,0000-0002-7093-7320,204.7,38,,,,0,5,,,Limiting magnitude not recorded,,,,,,,,,,,,,,,,2024-240H,FALSE
HULIANWANG DIGUI-08,62330,2024-03-18T20:49:02.000Z,2,5,0.5,50.6,-4.73,100,7.5,none,VISUAL,CLEAR,0000-0002-7093-7320,213.4,43.2,,,,0,5,,,Limiting magnitude not recorded,,,,,,,,,,,,,,,,2024-240H,FALSE
HULIANWANG DIGUI-08,62330,2024-03-18T20:49:50.000Z,2,5.8,0.5,50.6,-4.73,100,7.5,none,VISUAL,CLEAR,0000-0002-7093-7320,226.4,48.2,,,,0,5,,,Limiting magnitude not recorded,,,,,,,,,,,,,,,,2024-240H,FALSE
HULIANWANG DIGUI-08,62330,2025-03-19T21:56:53.000Z,2,3.6,0.5,50.6,-4.73,100,7.5,none,VISUAL,CLEAR,0000-0002-7093-7320,134.5,47.1,,,,0,5,,,Limiting magnitude not recorded,,,132.4976135,65.1889604,1155.010556,1.5557419,0.3518385,-0.0206683,72.988328,74.7470407,345.2709194,1120.585002,-30.4452747,315.2136396,TRUE,2024-240H,FALSE
HULIANWANG DIGUI-08,62330,2025-03-19T21:57:21.000Z,2,3.7,0.5,50.6,-4.73,100,7.5,none,VISUAL,CLEAR,0000-0002-7093-7320,133.3,58.7,,,,0,5,,,Limiting magnitude not recorded,,,130.3740801,74.633469,1212.382152,2.518568,0.3209497,-0.0308277,79.648955,65.6042079,352.7915396,1120.977787,-30.4972811,315.3348362,TRUE,2024-240H,FALSE
HULIANWANG DIGUI-08,62330,2025-03-19T21:58:27.000Z,2,4,0.5,50.6,-4.73,100,7.5,none,VISUAL,CLEAR,0000-0002-7093-7320,128.3,80.1,,,,0,5,,,Limiting magnitude not recorded,,,341.0161734,86.5051755,1438.001797,4.1747607,-0.2147381,-0.1009348,92.9962491,47.3900005,358.4700852,1121.907082,-30.6194255,315.6210249,TRUE,2024-240H,FALSE
HULIANWANG DIGUI-08,62330,2025-03-19T21:59:08.000Z,2,5.3,0.5,50.6,-4.73,100,7.5,none,VISUAL,CLEAR,0000-0002-7093-7320,349.5,87.5,,,,0,5,,,Limiting magnitude not recorded,,,323.0222838,77.9744233,1623.211157,4.8195037,-0.1907091,-0.0233634,99.3540187,38.6849997,359.9508572,1122.480871,-30.6949889,315.7991708,TRUE,2024-240H,FALSE
HULIANWANG DIGUI-08,62330,2025-03-19T21:59:28.000Z,2,5.9,0.5,50.6,-4.73,100,7.5,none,VISUAL,CLEAR,0000-0002-7093-7320,334.2,85.6,,,,0,5,,,Limiting magnitude not recorded,,,321.3899163,74.3394788,1722.037077,5.055718,-0.1730735,-0.016009,101.9852375,35.0513331,0.4723848,1122.758288,-30.7317613,315.8861721,TRUE,2024-240H,FALSE
HULIANWANG DIGUI-08,62330,2025-03-19T21:59:50.000Z,2,5.5,0.5,50.6,-4.73,100,7.5,none,VISUAL,CLEAR,0000-0002-7093-7320,323.9,79.4,,,,0,5,,,Limiting magnitude not recorded,,,320.3908147,70.725471,1835.696427,5.2696416,-0.1558704,-0.0114539,104.5769514,31.4450702,0.9521987,1123.060846,-30.7721443,315.9819499,TRUE,2024-240H,FALSE
HULIANWANG DIGUI-08,62330,2025-03-19T22:01:47.000Z,2,6.7,0.5,50.6,-4.73,100,7.5,none,VISUAL,CLEAR,0000-0002-7093-7320,319.5,61.6,,,,0,5,,,Limiting magnitude not recorded,,,318.6574872,56.3701437,2495.615506,5.901948,-0.0972812,-0.0032321,114.5682451,17.1409898,2.6435437,1124.601199,-30.9857279,316.4926611,TRUE,2024-240H,FALSE
HULIANWANG DIGUI-08,62330,2025-03-22T21:54:52.000Z,2,4.6,0.5,50.6,-4.73,100,7.5,none,VISUAL,CLEAR,0000-0002-7093-7320,115.9,49.6,,,,0,5,,,Limiting magnitude not recorded,,,108.0112446,60.4281496,1220.843914,1.2899104,0.3102468,-0.1252018,82.9286897,67.7181073,309.8907742,1144.027219,-29.2602314,315.5327009,TRUE,2024-240H,FALSE
HULIANWANG DIGUI-08,62330,2025-03-22T21:56:49.000Z,2,5.4,0.5,50.6,-4.73,100,7.5,none,VISUAL,CLEAR,0000-0002-7093-7320,48.3,79.3,,,,0,5,,,Limiting magnitude not recorded,,,14.6629321,77.9645044,1569.7378,4.2914885,-0.0870879,-0.1942416,102.5986258,42.2244285,347.6812396,1145.370563,-29.4755809,316.0345734,TRUE,2024-240H,FALSE
HULIANWANG DIGUI-08,62330,2025-03-22T21:57:50.000Z,2,5.9,0.5,50.6,-4.73,100,7.5,none,VISUAL,CLEAR,0000-0002-7093-7320,354,74.9,,,,0,5,,,Limiting magnitude not recorded,,,342.6786272,70.4093252,1856.982878,5.0590566,-0.1327947,-0.0888395,109.3024173,31.7997991,353.2331993,1146.026822,-29.5870827,316.297091,TRUE,2024-240H,FALSE
HULIANWANG DIGUI-08,62330,2025-03-22T21:58:27.000Z,2,6,0.5,50.6,-4.73,100,7.5,none,VISUAL,CLEAR,0000-0002-7093-7320,340.7,69.7,,,,0,5,,,Limiting magnitude not recorded,,,335.3779903,65.6793901,2050.054417,5.3610818,-0.1219011,-0.0601316,112.4488337,26.6607216,355.4189656,1146.403191,-29.6544544,316.45661,TRUE,2024-240H,FALSE
HULIANWANG DIGUI-08,62330,2025-03-24T18:54:22.000Z,1,4.38,0.2,43.65,41.43,2030,7.5,MMT9,CMOS,CLEAR,0000-0002-7093-7320,105.8,14.8,,,,0,5,,,Limiting magnitude not recorded,,,105.5065604,14.822947,1521.668122,-2.4349046,0.2422985,-0.0837342,79.0119003,44.3382583,243.961494,1144.609067,-34.0835145,314.1195344,TRUE,2024-240H,FALSE
HULIANWANG DIGUI-08,62330,2025-03-24T18:54:27.000Z,1,4.38,0.2,43.65,41.43,2030,7.5,MMT9,CMOS,CLEAR,0000-0002-7093-7320,105.4,16,,,,0,5,,,Limiting magnitude not recorded,,,105.0660927,16.0421289,1509.806934,-2.3090705,0.2453494,-0.086105,79.5347987,44.9342813,245.5815204,1144.66271,-34.0943167,314.1410362,TRUE,2024-240H,FALSE
HULIANWANG DIGUI-08,62330,2025-03-24T18:54:32.000Z,1,4.39,0.2,43.65,41.43,2030,7.5,MMT9,CMOS,CLEAR,0000-0002-7093-7320,104.9,17.2,,,,0,5,,,Limiting magnitude not recorded,,,104.6104029,17.2762166,1498.582257,-2.1802766,0.2482537,-0.0885229,80.0728369,45.5119835,247.2599928,1144.716676,-34.1051151,314.1625438,TRUE,2024-240H,FALSE
HULIANWANG DIGUI-08,62330,2025-03-24T18:54:37.000Z,1,4.39,0.2,43.65,41.43,2030,7.5,MMT9,CMOS,CLEAR,0000-0002-7093-7320,104.5,18.5,,,,0,5,,,Limiting magnitude not recorded,,,104.1388048,18.5244229,1488.008785,-2.0486057,0.2509936,-0.0909867,80.6257335,46.068952,248.9972567,1144.770959,-34.1159095,314.1840571,TRUE,2024-240H,FALSE
HULIANWANG DIGUI-08,62330,2025-03-24T18:54:42.000Z,1,4.44,0.2,43.65,41.43,2030,7.5,MMT9,CMOS,CLEAR,0000-0002-7093-7320,103.9,19.7,,,,0,5,,,Limiting magnitude not recorded,,,103.6505753,19.7858711,1478.100743,-1.9141562,0.2535512,-0.093495,81.1931419,46.6026971,250.7932624,1144.82555,-34.1266999,314.2055758,TRUE,2024-240H,FALSE
